{
  "Baixo": {
    "precision": 0.9175627240143369,
    "recall": 0.89198606271777,
    "f1-score": 0.9045936395759717,
    "support": 861.0
  },
  "Moderado": {
    "precision": 0.9737750172532781,
    "recall": 0.9929627023223082,
    "f1-score": 0.9832752613240417,
    "support": 1421.0
  },
  "Alto": {
    "precision": 0.9454545454545454,
    "recall": 0.9561527581329562,
    "f1-score": 0.9507735583684951,
    "support": 1414.0
  },
  "Muito Alto": {
    "precision": 0.9084507042253521,
    "recall": 0.8486842105263158,
    "f1-score": 0.8775510204081632,
    "support": 304.0
  },
  "accuracy": 0.94725,
  "macro avg": {
    "precision": 0.9363107477368781,
    "recall": 0.9224464334248376,
    "f1-score": 0.929048369919168,
    "support": 4000.0
  },
  "weighted avg": {
    "precision": 0.9466993865626218,
    "recall": 0.94725,
    "f1-score": 0.9468146479383771,
    "support": 4000.0
  }
}